번호,가구,획지유형,면적_㎡,전면폭_m,깊이_m,세장비,접도연장_m,맹지
B01-01,B01,기준 미달,20.7,14.1,1.5,0.1,25.2,
B01-02,B01,중,335.5,14.1,23.7,1.68,14.7,
B01-03,B01,중,370.3,14.1,26.2,1.85,14.4,
B01-04,B01,중,370.0,14.1,26.2,1.85,14.4,
B01-05,B01,중,369.6,14.1,26.2,1.85,14.4,
B01-06,B01,중,369.4,8.3,44.4,5.34,14.7,
B01-07,B01,중,369.3,14.1,26.1,1.85,14.4,
B01-08,B01,중,369.3,14.1,26.1,1.85,14.4,
B01-09,B01,중,369.3,14.1,26.1,1.85,14.4,
B01-10,B01,중,352.5,26.2,13.4,0.51,39.5,
B01-11,B01,기준 미달,136.9,1.0,133.0,129.24,1.1,
B01-12,B01,중,369.1,14.1,26.1,1.85,14.2,
B01-13,B01,중,365.6,14.1,25.9,1.83,14.2,
B01-14,B01,중,362.1,14.1,25.6,1.81,14.2,
B01-15,B01,중,358.6,14.1,25.4,1.8,14.2,
B01-16,B01,중,355.1,14.1,25.1,1.78,14.2,
B01-17,B01,중,351.6,14.1,24.9,1.76,14.2,
B01-18,B01,중,348.1,14.1,24.6,1.74,14.2,
B01-19,B01,중,339.4,24.2,14.0,0.58,38.4,
B02-01,B02,중,352.2,14.1,25.1,1.78,14.2,
B02-02,B02,중,360.4,14.1,25.5,1.8,14.2,
B02-03,B02,중,360.4,14.1,25.5,1.8,14.2,
B02-04,B02,중,360.4,14.1,25.5,1.8,14.2,
B02-05,B02,중,360.4,14.1,25.5,1.8,14.2,
B02-06,B02,중,360.4,14.1,25.5,1.8,14.2,
B02-07,B02,중,258.5,25.4,10.2,0.4,35.6,
B02-08,B02,중,272.0,10.5,25.8,2.45,10.8,
B02-09,B02,중,320.0,13.0,24.7,1.91,14.8,
B02-10,B02,중,328.5,14.2,23.2,1.63,14.5,
B02-11,B02,중,342.8,14.2,24.2,1.7,14.5,
B02-12,B02,중,356.4,10.5,34.0,3.25,14.5,
B02-13,B02,중,358.6,14.2,25.3,1.79,14.5,
B02-14,B02,중,255.9,25.1,10.2,0.41,43.5,
B03-01,B03,중,282.4,14.1,20.1,1.43,14.2,
B03-02,B03,대,408.5,14.1,29.0,2.06,14.1,
B03-03,B03,대,408.5,14.1,29.0,2.06,14.1,
B03-04,B03,대,408.5,29.0,14.1,0.49,43.2,
B03-05,B03,기준 미달,48.4,0.0,29.0,,0.0,예
B03-06,B03,중,390.2,10.8,36.2,3.36,10.8,
B03-07,B03,대,408.5,14.1,29.0,2.06,14.1,
B03-08,B03,대,408.5,29.0,14.1,0.49,43.1,
B04-01,B04,중,377.3,26.0,14.5,0.56,40.6,
B04-02,B04,중,377.3,14.5,26.0,1.79,14.6,
B04-03,B04,중,377.3,14.5,26.0,1.79,14.6,
B04-04,B04,중,377.3,26.0,14.5,0.56,40.6,
B04-05,B04,중,377.3,26.0,14.5,0.56,40.6,
B04-06,B04,중,377.3,14.5,26.0,1.79,14.6,
B04-07,B04,중,377.3,14.5,26.0,1.79,14.6,
B04-08,B04,중,377.3,26.0,14.5,0.56,40.6,
B06-01,B06,중,318.6,31.0,10.3,0.33,44.3,
B06-02,B06,기준 미달,43.3,0.0,31.0,,0.0,예
B06-03,B06,기준 미달,43.8,0.0,31.0,,0.0,예
B06-04,B06,기준 미달,27.2,1.4,20.0,14.7,2.0,
B06-05,B06,중,357.9,27.0,13.3,0.49,40.3,
B06-06,B06,중,266.5,13.2,20.1,1.52,13.3,
B06-07,B06,소,249.6,13.2,18.8,1.42,13.3,
B06-08,B06,중,317.3,13.2,24.0,1.81,13.3,
B06-09,B06,중,356.2,13.2,26.9,2.03,13.3,
B06-10,B06,중,357.9,13.2,27.0,2.04,13.3,
B06-11,B06,중,357.9,13.2,27.0,2.04,13.3,
B06-12,B06,중,327.0,11.2,29.1,2.59,46.0,
B07-01,B07,소,192.6,12.2,15.8,1.3,12.3,
B07-02,B07,중,261.9,12.2,21.5,1.77,12.2,
B07-03,B07,중,261.9,21.5,12.2,0.57,33.8,
B07-04,B07,기준 미달,54.9,0.0,21.5,,0.0,예
B07-05,B07,중,261.1,11.5,22.8,1.99,11.5,
B07-06,B07,중,261.9,21.5,12.2,0.57,33.7,
B10-01,B10,중,339.7,23.0,14.8,0.64,37.8,
B10-02,B10,중,339.7,14.8,23.0,1.56,14.8,
B10-03,B10,중,339.7,14.8,23.0,1.56,14.8,
B10-04,B10,중,339.7,14.8,23.0,1.56,14.8,
B10-05,B10,중,339.7,14.8,23.0,1.56,14.8,
B10-06,B10,중,339.7,14.8,23.0,1.56,14.8,
B10-07,B10,중,324.2,14.8,22.0,1.49,38.1,
B10-08,B10,중,295.4,20.0,14.8,0.74,34.8,
B10-09,B10,중,295.4,14.8,20.0,1.36,14.8,
B10-10,B10,중,295.4,14.8,20.0,1.36,14.8,
B10-11,B10,중,295.4,14.8,20.0,1.36,14.8,
B10-12,B10,중,295.4,14.8,20.0,1.36,14.8,
B10-13,B10,중,295.4,14.8,20.0,1.36,14.8,
B10-14,B10,중,260.5,12.5,20.9,1.67,38.5,
B11-01,B11,중,265.1,13.0,20.4,1.58,16.2,
B11-02,B11,대,428.4,13.0,33.0,2.55,26.1,
B11-03,B11,대,428.4,13.0,33.0,2.55,26.1,
B11-04,B11,대,428.4,13.0,33.0,2.55,26.1,
B11-05,B11,대,428.4,13.0,33.0,2.55,26.1,
B11-06,B11,대,428.4,33.0,13.0,0.39,59.0,
B12-01,B12,기준 초과,821.7,33.0,24.9,0.75,74.2,
B12-02,B12,중,399.8,13.8,28.9,2.09,13.9,
B12-03,B12,중,348.8,13.8,25.2,1.82,13.9,
B12-04,B12,대,407.6,13.8,29.5,2.13,13.9,
B12-05,B12,소,225.7,13.8,16.3,1.18,13.9,
B12-06,B12,소,163.7,13.8,11.8,0.85,13.9,
B12-07,B12,중,284.7,13.8,20.6,1.49,13.9,
B12-08,B12,중,391.7,13.8,28.3,2.04,13.9,
B12-09,B12,대,504.9,13.8,36.5,2.64,13.9,
B12-10,B12,대,584.4,13.8,42.2,3.05,13.9,
B12-11,B12,중,395.1,13.8,28.5,2.06,13.9,
B12-12,B12,대,507.8,13.8,36.7,2.65,13.9,
B12-13,B12,대,565.8,25.4,22.3,0.88,64.9,
B13-01,B13,중,303.0,14.2,21.4,1.51,14.3,
B13-02,B13,대,424.8,14.2,30.0,2.12,14.3,
B13-03,B13,중,367.1,14.2,25.9,1.83,14.3,
B13-04,B13,중,362.5,14.2,25.6,1.81,14.3,
B13-05,B13,중,255.6,23.8,10.7,0.45,38.3,
